John,Smith,30 somewhere,49 somewhere,finland,DLD,4110,AU
John,Smith,30 somewhere,49 somewhere,finland,DLD,4110,AU
John,Smith,30 somewhere,49 somewhere,finland,DLD,4110,AU
John,Smith,30 somewhere,49 somewhere,finland,DLD,4110,AU
John,Smith,30 somewhere,49 somewhere,finland,DLD,4110,AU
John,Smith,30 somewhere,49 somewhere,finland,DLD,4110,AU
John,Smith,30 somewhere,49 somewhere,finland,DLD,4110,AU
John,Smith,30 somewhere,49 somewhere,finland,DLD,4110,AU
John,Smith,30 somewhere,49 somewhere,finland,DLD,4110,AU
John,Smith,30 somewhere,49 somewhere,finland,DLD,4110,AU
John,Smith,30 somewhere,49 somewhere,finland,DLD,4110,AU
John,Smith,30 somewhere,49 somewhere,finland,DLD,4110,AU
